Title,Price,Date
Funny Got Data MIS Data Systems Business Analyst T-Shirt,16.99,2021-08-25
Funny Got Data MIS Data Systems Business Analyst T-Shirt,16.99,2021-08-25
Funny Got Data MIS Data Systems Business Analyst T-Shirt,16.99,2021-08-25
Funny Got Data MIS Data Systems Business Analyst T-Shirt,16.99,2021-08-25
Funny Got Data MIS Data Systems Business Analyst T-Shirt,16.99,2021-08-25
Funny Got Data MIS Data Systems Business Analyst T-Shirt,16.99,2021-08-25
Funny Got Data MIS Data Systems Business Analyst T-Shirt,16.99,2021-08-25
Funny Got Data MIS Data Systems Business Analyst T-Shirt,16.99,2021-08-25
Funny Got Data MIS Data Systems Business Analyst T-Shirt,16.99,2021-08-25
Funny Got Data MIS Data Systems Business Analyst T-Shirt,16.99,2021-08-25
